Sr No,Company Name,Role,Link
1,Apple,Machine Learning Software Engineer,https://jobs.apple.com/en-us/details/200540712/machine-learning-software-engineer
2,Apple,Mixed-Signal IP Machine Learning Engineer,https://jobs.apple.com/en-us/details/200488665/mixed-signal-ip-machine-learning-engineer
3,Apple,Senior Machine Learning Software Engineer,https://jobs.apple.com/en-us/details/200493299/senior-machine-learning-software-engineer
4,Apple,Pre-Silicon Machine Learning Compiler Engineer,https://jobs.apple.com/en-us/details/200520036/pre-silicon-machine-learning-compiler-engineer
5,Apple,Pre-Silicon Machine Learning Compiler Engineer,https://jobs.apple.com/en-us/details/200520040/pre-silicon-machine-learning-compiler-engineer
6,Apple,Mixed-Signal IP Machine Learning Engineer,https://jobs.apple.com/en-us/details/200488661/mixed-signal-ip-machine-learning-engineer
7,Apple,"Senior Machine Learning Engineer, Health",https://jobs.apple.com/en-us/details/200517355/senior-machine-learning-engineer-health
8,Apple,"AIML - Sr Machine Learning Engineer, Data & Machine Learning Innovation",https://jobs.apple.com/en-us/details/200540664/aiml-sr-machine-learning-engineer-data-machine-learning-innovation
9,Apple,"AIML - Machine Learning Engineer or Scientist, Machine Learning Platform & Infrastructure",https://jobs.apple.com/en-us/details/200537666/aiml-machine-learning-engineer-or-scientist-machine-learning-platform-infrastructure
10,Apple,Computer Vision and Machine Learning Engineer,https://jobs.apple.com/en-us/details/200517926/computer-vision-and-machine-learning-engineer
11,Apple,Machine Learning Applied Scientist,https://jobs.apple.com/en-us/details/200550562/machine-learning-applied-scientist
12,Apple,"Senior Machine Learning Software Engineer, Creativity Apps",https://jobs.apple.com/en-us/details/200549567/senior-machine-learning-software-engineer-creativity-apps
13,Apple,"Senior Machine Learning Engineer - SIML, ISE",https://jobs.apple.com/en-us/details/200551872/senior-machine-learning-engineer-siml-ise
14,Apple,"Machine Learning Engineer, Applied Machine Learning",https://jobs.apple.com/en-us/details/200541348/machine-learning-engineer-applied-machine-learning
15,Apple,"AIML - Sr Engineering Program Manager, Machine Learning",https://jobs.apple.com/en-us/details/200551494/aiml-sr-engineering-program-manager-machine-learning
16,Apple,"AIML - Machine Learning Engineer, Siri Information Intelligence",https://jobs.apple.com/en-us/details/200541057/aiml-machine-learning-engineer-siri-information-intelligence
17,Apple,Machine Learning Engineer,https://jobs.apple.com/en-us/details/200540808/machine-learning-engineer
18,Apple,Senior Machine Learning Engineer,https://jobs.apple.com/en-us/details/200541230/senior-machine-learning-engineer
19,Apple,Senior Machine Learning Engineer,https://jobs.apple.com/en-us/details/200541229/senior-machine-learning-engineer
20,Apple,Senior Machine Learning Engineer,https://jobs.apple.com/en-us/details/200541672/senior-machine-learning-engineer
21,Apple,"AIML - ML Engineer, Machine Learning Platform & Infrastructure",https://jobs.apple.com/en-us/details/200542828/aiml-ml-engineer-machine-learning-platform-infrastructure
22,Apple,"AIML - Software Engineer, Machine Learning Platform and Technologies",https://jobs.apple.com/en-us/details/200552189/aiml-software-engineer-machine-learning-platform-and-technologies
23,Apple,"Machine Learning Scientist/Engineer, Applied Machine Learning",https://jobs.apple.com/en-us/details/200550263/machine-learning-scientist-engineer-applied-machine-learning
24,Apple,"AIML - Sr Machine Learning Engineer, Data and ML Innovation",https://jobs.apple.com/en-us/details/200537887/aiml-sr-machine-learning-engineer-data-and-ml-innovation
25,Apple,SoC Machine Learning Design Engineer,https://jobs.apple.com/en-us/details/200543751/soc-machine-learning-design-engineer
26,Apple,Applied Machine Learning Engineer,https://jobs.apple.com/en-us/details/200550889/applied-machine-learning-engineer
27,Apple,"AIML - Sr Data Scientist, AIML Data",https://jobs.apple.com/en-us/details/200529784/aiml-sr-data-scientist-aiml-data
28,Apple,"Software Engineer, AIML Enterprise Systems",https://jobs.apple.com/en-us/details/200518836/software-engineer-aiml-enterprise-systems
29,Google,"AI/ML Engineer, Google Cloud",https://www.google.com/about/careers/applications/jobs/results/92925276228330182-aiml-engineer-google-cloud
30,Google,"Multimedia Machine Learning Architect, Silicon",https://www.google.com/about/careers/applications/jobs/results/142569944209334982-multimedia-machine-learning-architect-silicon
31,Google,"Senior Software Developer Machine Learning, Google Cloud Platforms",https://www.google.com/about/careers/applications/jobs/results/121029388287255238-senior-software-developer-machine-learning-google-cloud-platforms
32,Google,Machine Learning GPU Performance Engineer,https://www.google.com/about/careers/applications/jobs/results/106027235831358150-machine-learning-gpu-performance-engineer
33,Google,"Senior Director of Engineering, Machine Learning Compiler",https://www.google.com/about/careers/applications/jobs/results/98515369169167046-senior-director-of-engineering-machine-learning-compiler
34,Google,"Product Engineer, Machine Learning and GPU Accelerators",https://www.google.com/about/careers/applications/jobs/results/132399917449519814-product-engineer-machine-learning-and-gpu-accelerators
35,Google,"Principal Engineer, Frameworks and APIs",https://www.google.com/about/careers/applications/jobs/results/77377536761176774-principal-engineer-frameworks-and-apis
36,Google,"Customer Engineer, Machine Learning, Google Cloud",https://www.google.com/about/careers/applications/jobs/results/129058722004509382-customer-engineer-machine-learning-google-cloud
37,Google,"Research Scientist, Machine Learning",https://www.google.com/about/careers/applications/jobs/results/136196754713256646-research-scientist-machine-learning
38,Google,"Enterprise Customer Engineer, Conversational AI",https://www.google.com/about/careers/applications/jobs/results/105804292668957382-enterprise-customer-engineer-conversational-ai
39,Google,"Engineering Manager, Creator Support, Youtube",https://www.google.com/about/careers/applications/jobs/results/136896339112796870-engineering-manager-creator-support-youtube
40,Google,"Senior Product Manager, Machine Learning Frameworks, Google Cloud",https://www.google.com/about/careers/applications/jobs/results/75409437522567878-senior-product-manager-machine-learning-frameworks-google-cloud
41,Google,"TPU Simulator Software Engineer, Silicon",https://www.google.com/about/careers/applications/jobs/results/80209924348355270-tpu-simulator-software-engineer-silicon
42,Google,"Software Engineer III, Machine Learning, YouTube",https://www.google.com/about/careers/applications/jobs/results/115756810998031046-software-engineer-iii-machine-learning-youtube
43,Google,"Program Manager II, Software Engineering, Google Display Ads",https://www.google.com/about/careers/applications/jobs/results/75165738930709190-program-manager-ii-software-engineering-google-display-ads
44,Google,"Silicon Validation Engineer, ML/AI, Silicon",https://www.google.com/about/careers/applications/jobs/results/127179125929452230-silicon-validation-engineer-mlai-silicon
45,Google,"Student Researcher, PhD, Winter/Summer 2024",https://www.google.com/about/careers/applications/jobs/results/73557614148887238-student-researcher-phd-wintersummer-2024
46,Google,"Generative Artificial Intelligence Specialist, Google Cloud",https://www.google.com/about/careers/applications/jobs/results/90355679436382918-generative-artificial-intelligence-specialist-google-cloud
47,Google,"Software Engineer III, Machine Learning, Google Research",https://www.google.com/about/careers/applications/jobs/results/103026933813387974-software-engineer-iii-machine-learning-google-research
48,Google,"Privacy Engineer III, Machine Learning",https://www.google.com/about/careers/applications/jobs/results/113782965630051014-privacy-engineer-iii-machine-learning
49,Google,"Product Engineer, Machine Learning and GPU Accelerators",https://www.google.com/about/careers/applications/jobs/results/132399917449519814-product-engineer-machine-learning-and-gpu-accelerators
50,Google,Machine Learning GPU Performance Engineer,https://www.google.com/about/careers/applications/jobs/results/106027235831358150-machine-learning-gpu-performance-engineer
51,Google,"Staff Software Engineer, Machine Learning, YouTube",https://www.google.com/about/careers/applications/jobs/results/139712984577385158-staff-software-engineer-machine-learning-youtube
52,Google,"Research Scientist, Voice and Audio Algorithms",https://www.google.com/about/careers/applications/jobs/results/90691832567997126-research-scientist-voice-and-audio-algorithms
53,Meta,AI Research Scientist - Computer Vision (Technical Leadership),https://www.metacareers.com/v2/jobs/581510453876384/
54,Meta,"Research Scientist, Central Applied Science (PhD)",https://www.metacareers.com/v2/jobs/426653153393004/
55,Meta,"Software Engineer, Systems ML - PyTorch Compiler / ML Framework / Performance",https://www.metacareers.com/v2/jobs/2002504426814350/
56,Meta,Research Engineer - Computer Vision & Machine Learning,https://www.metacareers.com/v2/jobs/288227400754703/
57,Meta,"Software Engineer, Systems ML - SW/HW Co-design",https://www.metacareers.com/v2/jobs/1838924999834487/
58,Meta,AI Research Scientist - Language (Technical Leadership),https://www.metacareers.com/v2/jobs/770620888257616/
59,Meta,"Software Engineer, Computer Vision - Reality Labs",https://www.metacareers.com/v2/jobs/1399403320839100/
60,Meta,"Research Engineer, Language - Reality Labs",https://www.metacareers.com/v2/jobs/1554466278472918/
61,Meta,"Research Scientist, Machine Perception (PhD)",https://www.metacareers.com/v2/jobs/1474241126834718/
62,Meta,Codec Avatars Research Scientist,https://www.metacareers.com/v2/jobs/3107749836028643/
63,Meta,"Postdoctoral Researcher, Central Applied Science, Adaptive Experimentation (PhD)",https://www.metacareers.com/v2/jobs/831683095490690/
64,Meta,"Research Scientist, Generative AI - Speech & Audio",https://www.metacareers.com/v2/jobs/1074039200587310/
65,Meta,Infrastructure Solutions Program Manager,https://www.metacareers.com/v2/jobs/1474239409850093/
66,Meta,Codec Avatars Research Engineer,https://www.metacareers.com/v2/jobs/753033720169057/
67,Meta,"Research Scientist, Machine Learning (PhD)",https://www.metacareers.com/v2/jobs/1634364230647352/
68,Meta,"Research Scientist, AI Core Machine Learning (PhD)",https://www.metacareers.com/v2/jobs/977644880353326/
69,Meta,AI Research Scientist - CoreML (Technical Leadership),https://www.metacareers.com/v2/jobs/290152057043184/
70,Meta,"Software Engineering Manager, AR AI",https://www.metacareers.com/v2/jobs/822589426448409/
71,Meta,Engineering Manager - Generative AI,https://www.metacareers.com/v2/jobs/909664097471687/
72,Meta,Postdoctoral Researcher (PhD) - Human Inspired AI,https://www.metacareers.com/v2/jobs/7341072685930103/
73,Meta,"AI Research Scientist, Computer Vision - XR People Generation",https://www.metacareers.com/v2/jobs/1783427452080505/
74,Meta,Fundamental Research Scientist - Generative AI,https://www.metacareers.com/v2/jobs/937697421103036/
75,Meta,"Research Scientist, CTRL Labs",https://www.metacareers.com/v2/jobs/746356527654889/
76,Meta,"AI Research Scientist, Computer Vision",https://www.metacareers.com/v2/jobs/3640454012865535/
77,Claude AI,"Research Engineer, Knowledge Bases",https://boards.greenhouse.io/anthropic/jobs/4021137008
78,Claude AI,"Research Engineer, London",https://boards.greenhouse.io/anthropic/jobs/4020286008
79,Claude AI,"Research Engineer, Model Evaluations",https://boards.greenhouse.io/anthropic/jobs/4017312008
80,Claude AI,"Research Engineer, Prompting",https://boards.greenhouse.io/anthropic/jobs/4017544008
81,Claude AI,"Research Engineer / Research Scientist, Finetuning",https://boards.greenhouse.io/anthropic/jobs/4020080008
82,Claude AI,"Research Engineer / Research Scientist, Finetuning (London)",https://boards.greenhouse.io/anthropic/jobs/4020081008
83,Claude AI,"Research Engineer / Scientist, Alignment Science",https://boards.greenhouse.io/anthropic/jobs/4009165008
84,Claude AI,"Research Engineer / Scientist, Alignment Science (London)",https://boards.greenhouse.io/anthropic/jobs/4020297008
85,Claude AI,Research Scientist,https://boards.greenhouse.io/anthropic/jobs/4019740008
86,Claude AI,"Research Scientist, Interpretability",https://boards.greenhouse.io/anthropic/jobs/4020159008
87,Claude AI,"Research Scientist, Interpretability (London)",https://boards.greenhouse.io/anthropic/jobs/4020296008
88,Claude AI,Research Scientist (London),https://boards.greenhouse.io/anthropic/jobs/4020714008
89,Claude AI,Resident,https://boards.greenhouse.io/anthropic/jobs/4019511008
90,Claude AI,"Resident, London",https://boards.greenhouse.io/anthropic/jobs/4020718008
91,Claude AI,Software Engineer,https://boards.greenhouse.io/anthropic/jobs/4020354008
92,Claude AI,"Software Engineer, Interpretability",https://boards.greenhouse.io/anthropic/jobs/4044276008
93,Claude AI,"Software Engineer, Interpretability, London",https://boards.greenhouse.io/anthropic/jobs/4044277008
94,Claude AI,"Software Engineer, London",https://boards.greenhouse.io/anthropic/jobs/4020717008
95,Claude AI,"Team Manager, Interpretability",https://boards.greenhouse.io/anthropic/jobs/4009173008
96,Claude AI,"Team Manager, Interpretability (London)",https://boards.greenhouse.io/anthropic/jobs/4020295008
97,Claude AI,"Software Engineer, Claude.AI",https://boards.greenhouse.io/anthropic/jobs/4042814008
98,Claude AI,"Engineering Manager, Data Platform",https://boards.greenhouse.io/anthropic/jobs/4020189008
99,Claude AI,Performance Engineer,https://boards.greenhouse.io/anthropic/jobs/4020350008
100,Claude AI,"Software Engineer, Inference",https://boards.greenhouse.io/anthropic/jobs/4020356008
101,Claude AI,"Team Manager, LLM Training Research",https://boards.greenhouse.io/anthropic/jobs/4020125008
102,Claude AI,Data Operations Lead,https://boards.greenhouse.io/anthropic/jobs/4032561008
103,Claude AI,"Machine Learning Systems Engineer, Finetuning Infrastructure",https://boards.greenhouse.io/anthropic/jobs/4018647008
104,Claude AI,Research Engineer,https://boards.greenhouse.io/anthropic/jobs/4019739008
105,Claude AI,"Research Engineer, Applied Finetuning",https://boards.greenhouse.io/anthropic/jobs/4023361008
106,Claude AI,"Research Engineer, Human Computer Interfaces",https://boards.greenhouse.io/anthropic/jobs/4030766008
107,Claude AI,"Research Engineer, Human Computer Interfaces",https://boards.greenhouse.io/anthropic/jobs/4030764008
108,Claude AI,"Research Engineer, Interpretability",https://boards.greenhouse.io/anthropic/jobs/4020307008
109,Claude AI,"Research Engineer, Interpretability",https://boards.greenhouse.io/anthropic/jobs/4020305008
110,Claude AI,"Research Engineer, Knowledge Bases",https://boards.greenhouse.io/anthropic/jobs/4017331008
111,Open AI,"Backend Engineer, Sora",https://openai.com/careers/backend-engineer-sora/
112,Open AI,Distributed Systems/ML Engineer,https://openai.com/careers/distributed-systemsml-engineer/
113,Open AI,"Distributed Training Engineer, Sora",https://openai.com/careers/distributed-training-engineer-sora/
114,Open AI,DL SW/HW Codesign Engineer,https://openai.com/careers/dl-swhw-codesign-engineer/
115,Open AI,"Engineering Manager, AI Inference Systems",https://openai.com/careers/engineering-manager-ai-inference-systems/
116,Open AI,"Engineering Manager, Fine-Tuning API",https://openai.com/careers/engineering-manager-fine-tuning-api/
117,Open AI,"Engineering Manager, GPU Platform",https://openai.com/careers/engineering-manager-gpu-platform/
118,Open AI,"Engineering Manager, Model Scheduler",https://openai.com/careers/engineering-manager-model-scheduler/
119,Open AI,"Engineering Manager - Supercomputing - Storage, Scalability, Scheduling",https://openai.com/careers/engineering-manager-supercomputing-storage-scalability-scheduling/
120,Open AI,GPU Kernels Engineer,https://openai.com/careers/gpu-kernels-engineer/
121,Open AI,"Machine Learning Engineer, Applied AI",https://openai.com/careers/machine-learning-engineer-applied-ai/
122,Open AI,"Machine Learning Engineer, Retrieval & Search",https://openai.com/careers/machine-learning-engineer-retrieval-and-search/
123,Open AI,"Platform ML Engineering Manager, Inference",https://openai.com/careers/platform-ml-engineering-manager-inference/
124,Open AI,Research Engineer,https://openai.com/careers/research-engineer/
125,Open AI,"Research Engineer, Collective Alignment",https://openai.com/careers/research-engineer-collective-alignment/
126,Open AI,"Research Engineer, Superalignment",https://openai.com/careers/research-engineer-superalignment/
127,Open AI,"Research Engineer, Safety Reasoning",https://openai.com/careers/research-engineer-safety-reasoning/
128,Open AI,"Research Engineer, Trustworthy AI",https://openai.com/careers/research-engineer-trustworthy-ai/
129,Open AI,Research Scientist,https://openai.com/careers/research-scientist/
130,Open AI,"Research Scientist, Model Safety",https://openai.com/careers/research-scientist-model-safety/
131,Open AI,"Research Scientist, Multimodal (Post-training)",https://openai.com/careers/research-scientist-multimodal-(post-training)/
132,Open AI,"Senior Software Engineer, ChatGPT Model Optimization",https://openai.com/careers/senior-software-engineer-chatgpt-model-optimization/
133,Open AI,"Software Engineer, Machine Learning Compute",https://openai.com/careers/software-engineer-machine-learning-compute/
134,Open AI,"Software Engineer, Model Inference",https://openai.com/careers/software-engineer-model-inference/
135,Open AI,"Software Engineer, Observability",https://openai.com/careers/software-engineer-observability/
136,Open AI,"Software Engineer, Supercomputing, HPC Infrastructure",https://openai.com/careers/software-engineer-supercomputing-hpc-infrastructure/
137,Open AI,"Software Engineer, Supercomputing Scalability",https://openai.com/careers/software-engineer-supercomputing-scalability/
138,Google Deep Mind,Research Scientists at Google DeepMind,https://boards.greenhouse.io/deepmind/jobs/4828256
139,Google Deep Mind,"Research Scientist, Data Team",https://boards.greenhouse.io/deepmind/jobs/5962629
140,Google Deep Mind,"Research Engineer, Science, New York",https://boards.greenhouse.io/deepmind/jobs/5995973
141,Google Deep Mind,"Software Engineering Manager, ML Performance",https://boards.greenhouse.io/deepmind/jobs/5992997
142,Google Deep Mind,"Research Engineer, Responsible Engineering",https://boards.greenhouse.io/deepmind/jobs/5953162
143,Google Deep Mind,"Research Scientist, Generative Modeling",https://boards.greenhouse.io/deepmind/jobs/5962207
144,NVIDIA,Machine Learning Intern,https://nvidia.wd5.myworkdayjobs.com/en-US/NVIDIAExternalCareerSite/job/Hong-Kong-STP/Machine-Learning-Intern_JR1982641-1
145,NVIDIA,Machine Learning Intern,https://nvidia.wd5.myworkdayjobs.com/en-US/NVIDIAExternalCareerSite/job/Hong-Kong-STP/Machine-Learning-Intern_JR1982642
146,NVIDIA,Machine Learning Software Platform Architect,https://nvidia.wd5.myworkdayjobs.com/en-US/NVIDIAExternalCareerSite/job/China-Shanghai/Machine-Learning-Software-Platform-Architect_JR1978458
147,NVIDIA,"Senior Solutions Architect, Machine Learning",https://nvidia.wd5.myworkdayjobs.com/en-US/NVIDIAExternalCareerSite/job/US-NC-Durham/Senior-Solutions-Architect--Machine-Learning_JR1983383
148,NVIDIA,Senior Developer Relationship Manager ï¿½ Physics Informed Machine Learning,https://nvidia.wd5.myworkdayjobs.com/en-US/NVIDIAExternalCareerSite/job/US-CA-Santa-Clara/Senior-Developer-Relationship-Manager---Physics-Informed-Machine-Learning_JR1980563-1
149,NVIDIA,"Principal Machine Learning Engineer, Content Safety and ML Fairness",https://nvidia.wd5.myworkdayjobs.com/en-US/NVIDIAExternalCareerSite/job/US-CA-Santa-Clara/Principal-Machine-Learning-Engineer--Content-Safety-and-ML-Fairness_JR1978571
150,NVIDIA,"Senior Distributed Systems Engineer, AI Infrastructure",https://nvidia.wd5.myworkdayjobs.com/en-US/NVIDIAExternalCareerSite/job/China-Shanghai/Senior-Distributed-Systems-Engineer--AI-Infrastructure_JR1980973
151,NVIDIA,Senior Web Software Architect - AI Infrastructure,https://nvidia.wd5.myworkdayjobs.com/en-US/NVIDIAExternalCareerSite/job/China-Shanghai/Senior-Web-Software-Architect---AI-Infrastructure_JR1969064
152,NVIDIA,"Solutions Architect, Generative AI Specialist",https://nvidia.wd5.myworkdayjobs.com/en-US/NVIDIAExternalCareerSite/job/US-CA-Remote/Solutions-Architect--Generative-AI-Specialist_JR1983304-1
153,NVIDIA,AI Algorithms SW Engineer (RDSS Intern),https://nvidia.wd5.myworkdayjobs.com/en-US/NVIDIAExternalCareerSite/job/Taiwan-Hsinchu/AI-Algorithms-SW-Engineer--RDSS-Intern-_JR1978556
154,NVIDIA,Deep Learning Solution Architect,https://nvidia.wd5.myworkdayjobs.com/en-US/NVIDIAExternalCareerSite/job/China-Beijing/Deep-Learning-Solution-Architect_JR1977251
155,NVIDIA,"Senior Applied Research Scientist, Generative AI",https://nvidia.wd5.myworkdayjobs.com/en-US/NVIDIAExternalCareerSite/job/US-CA-Santa-Clara/Senior-Applied-Research-Scientist--Generative-AI_JR1968617-1
156,NVIDIA,"Software Engineer, cuDNN - Deep Learning",https://nvidia.wd5.myworkdayjobs.com/en-US/NVIDIAExternalCareerSite/job/China-Shanghai/Software-Engineer--cuDNN---Deep-Learning_JR1977414
157,NVIDIA,Senior Deep Learning Architect,https://nvidia.wd5.myworkdayjobs.com/en-US/NVIDIAExternalCareerSite/job/US-CA-Santa-Clara/Senior-Deep-Learning-Architect_JR1972270
158,NVIDIA,"Senior Research Scientist, Fundamental Generative AI",https://nvidia.wd5.myworkdayjobs.com/en-US/NVIDIAExternalCareerSite/job/US-CA-Santa-Clara/Senior-Research-Scientist--Generative-AI_JR1966857
159,NVIDIA,Senior GPU Architect,https://nvidia.wd5.myworkdayjobs.com/en-US/NVIDIAExternalCareerSite/job/India-Bengaluru/Senior-GPU-Architect_JR1976770-1
160,NVIDIA,Solution Architect - Generative AI,https://nvidia.wd5.myworkdayjobs.com/en-US/NVIDIAExternalCareerSite/job/Japan-Tokyo/AI-Solution-Architect_JR1975721
161,NVIDIA,Senior Computer Architect - Deep Learning,https://nvidia.wd5.myworkdayjobs.com/en-US/NVIDIAExternalCareerSite/job/US-CA-Santa-Clara/Senior-Computer-Architect---Deep-Learning_JR1950486
162,NVIDIA,AI Computing Performance Architect Intern,https://nvidia.wd5.myworkdayjobs.com/en-US/NVIDIAExternalCareerSite/job/China-Shanghai/AI-Computing-Performance-Architect-Intern_JR1981523
163,NVIDIA,"Senior Research Scientist, Multimodal Foundation Models and Robotics",https://nvidia.wd5.myworkdayjobs.com/en-US/NVIDIAExternalCareerSite/job/US-CA-Santa-Clara/Senior-Research-Scientist--Multimodal-Foundation-Models-and-Robotics_JR1983391
164,NVIDIA,"Senior AI Developer Technology Engineer, Financial Sector",https://nvidia.wd5.myworkdayjobs.com/en-US/NVIDIAExternalCareerSite/job/US-CA-Santa-Clara/Senior-AI-Developer-Technology-Engineer--Financial-Sector-_JR1969539
165,NVIDIA,Deep Learning Performance Architect Intern,https://nvidia.wd5.myworkdayjobs.com/en-US/NVIDIAExternalCareerSite/job/China-Shanghai/Deep-Learning-Performance-Architect-Intern_JR1981587